Attribute Group	Attribute Name	Values	Borrower Facing	PRMG/Prime Connect (verbatim from product matrix)	PRMG/Prime Connect	PRMG/Plus Connect	PRMG/Flex Connect Prime	PRMG/Flex Connect Plus	PRMG/Elite Connect  Prime	PRMG/Alternative AUS	PRMG/Choice Stretched	PRMG/Choice Non Prime	Notes	For discussion (variable not consistent with definition)	Alternate Name	Attribute Generic Name	Description	uom	LoanStream-Select NonQM	LoanStream-Core NonQM		LoanStream-Select DSCR	LoanStream-CoreDSCR	LoanStream-Sub1 DSCR	LoanStream-No Ratio DSCR	LoanStream-DSCR 5-8 Unit		format status
Program/Product	program_summary			Near prime solutions for borrowers who need an option  beyond Agency and Prime Jumbo  Programs	Near prime solutions for borrowers who need an option  beyond Agency and Prime Jumbo  Programs	Expanded credit programs that  open more options for your borrowers	Use DU/LPA for  quick decisions and to a path to a  simple qualifying and underwriting process	Use DU/LPA for  quick decisions and to a path to a  simple qualifying and underwriting process	Elite option (sharper pricing) of near  prime solutions for borrowers who  need an option  beyond Agency and Prime Jumbo  Programs	Hybrid between  Jumbo and Non  QM. Follows DU  findings with limited overlays, but offers some non-QM  features.	Near miss product	Additional credit  options for  borrowers with  some derogatory credit and past  housing events							Near-prime solutions for creditworthy borrowers seeking flexible NonQM options with favorable LTV, pricing, and documentation beyond Core NonQM programs.	Flexible NonQM solutions for near-prime borrowers seeking options beyond standard Agency and Prime Jumbo programs.		Enhanced DSCR solutions for experienced investors seeking better LTV, pricing, and property cash-flow flexibility beyond Core DSCR programs.	Standard DSCR solutions for investor borrowers looking for rental property financing based on cash flow beyond conventional mortgage options.	Specialized DSCR solutions for investors with lower credit profiles seeking access to rental property financing beyond standard DSCR programs.	Cash-flow based DSCR solutions for investors who need loans without traditional income ratios, offering flexibility beyond conventional underwriting.	DSCR solutions tailored for multi-family investors seeking financing for 5–8 unit properties beyond standard investor loan programs.	Taken from GPT	Done
Channel	channel	Retail, Wholesale, Non-Delegated Correspondent, Delegated Correspondent 		Channel/Division: Retail, Wholesale, Non-Del Correspondent	Retail, Wholesale, Non-Delegated Correspondent	Channel/Division: Retail, Wholesale, Non-Del Correspondent	Channel/Division: Retail, Wholesale, Non-Del Correspondent	Channel/Division: Retail, Wholesale, Non-Del Correspondent	Channel/Division: Retail, Wholesale, Non-Del Correspondent	Channel/Division: Retail, Wholesale, Non-Del Correspondent	Channel/Division: Retail, Wholesale, Non-Del Correspondent	Channel/Division: Retail, Wholesale, Non-Del Correspondent				Channel	Sales/Distribution channel used	list of values	Wholesale, Non-Delegated Correspondent, Delegated Correspondent 	Wholesale, Non-Delegated Correspondent, Delegated Correspondent 	Wholesale, Non-Delegated Correspondent, Delegated Correspondent 	Wholesale, Non-Delegated Correspondent, Delegated Correspondent 	Wholesale, Non-Delegated Correspondent, Delegated Correspondent 	Wholesale, Non-Delegated Correspondent, Delegated Correspondent 	Wholesale, Non-Delegated Correspondent, Delegated Correspondent 	Wholesale, Non-Delegated Correspondent, Delegated Correspondent 	Taken from GPT	Done
Income	income	2 years + YTD (Full doc),  1 year + YTD  (Full doc),  12 month P&L,  24 month P&L,  12-24 month Bank Statements,  Asset Utilization,  1099,  Asset Depletion, Assets as Blended Income	yes	Income Used to Qualify: Full Doc – 2 years + YTD Express Doc – 1 year + YTD 12/24 Mo P&L 12-24 Month Bank Statement Asset Utilization	2 years + YTD, 1 year + YTD, 12 month P&L, 24 month P&L, 12-24 month Bank Statements, Asset Utilization	2 years + YTD, 1 year + YTD, 12 month P&L, 24 month P&L, 12-24 month Bank Statements, Asset Utilization	As per DU Findings, 12 month P&L, 24 month P&L, 12 month Bank Statements, 24 month Bank Statements	As per DU Findings, 12 month P&L, 24 month P&L, 12 month Bank Statements, 24 month Bank Statements	2 years + YTD, 1 year + YTD, 12 month P&L, 12-24 month Bank Statements, 1099, Asset Utilization	As per DU Findings, RSU, Asset Depletion	12-24 Month Bank Statement, 1 year documentation,   Asset Utilization, Alternative Documentation 1 year,  12 Month CPA P&L	12-24 Month Bank Statement, 1 year documentation,   Alternative Documentation 1 year,  12 Month CPA P&L			income_used_to_qualify	Income used to qualify	Income used to qualify a borrower. 	list of values	1 year + YTD  (Full doc),  2 year + YTD  (Full doc),  1099,  WVOE,  Asset Utilization,  12-24 month Bank Statements,  12 mo P&L + 3 mo Bank Stmts,  1 yr Self-Employment,  Assets as Blended Income	1 year + YTD  (Full doc),  2 year + YTD  (Full doc),  1099,  WVOE,  Asset Utilization,  12-24 month Bank Statements,  12 mo P&L + 3 mo Bank Stmts,  1 yr Self-Employment,  Assets as Blended Income		Form 1007 Market Rent, Existing Lease Rent – 2 month, Actual Rent vs 125% Market Rent – Lesser, Cash Flow Qualify – Gross Income / PITIA or ITIA 	Form 1007 Market Rent, Existing Lease Rent – 2 month, Actual Rent vs 125% Market Rent – Lesser, Cash Flow Qualify – Gross Income / PITIA or ITIA 	Form 1007 Market Rent, Existing Lease Rent – 2 month, Actual Rent vs 125% Market Rent – Lesser, Cash Flow Qualify – Gross Income / PITIA or ITIA 	Form 1007 Market Rent, Existing Lease Rent – 2 month, Actual Rent vs 125% Market Rent – Lesser, Cash Flow Qualify – Gross Income / PITIA or ITIA 	Leased – Use lower of estimated market rent or lease agreement  Reduce qualifying rents by any management fee reflected on the appraisal report. Purchases only – 8% fixed expense factor applied if management fee is not listed.  Use 75% of market rents for vacant unit, no more than 2 vacant units allowed.  STR income ineligible, considered a vacant unit and no income used. 		done
Credit	borrower_credit_score	300 to 850	maybe	Minimum Credit Score: 660  Lowest Score Any Borrower: 660	>=660	>=620	>=660	>=640	>=680	>=661	>=660	>=620			borrower_fico	Borrower credit score	Borrower credit score	number	>=680	If product=Interest only,then >=640, If Income = Bank Statement , then >=660, If Income = WVOE , then >=620, If Income = 1 year + YTD  (Full doc) and 12-24 month Bank Statements , then >=660, If eligible_borrowers = Foreign Nationals , then >=700, else >=600	Same value will be for borr. and co. borr.	If product=Interest only,then >=640, Else >=700	if product=Interest only,then >=640, if eligible_borrowers = Foreign Nationals , then >=700, if income=ITIN ,then >=700, Else >=620	If product=Interest only,then >=640, Else >=640	If product=Interest only,then >=640, Else >=700	If individual borrower – Use the lowest decision score, If vesting in an entity – Use the decision score of the member with the highest ownership percentage, Else>=680		done
Credit	co-borrower_credit_score	300 to 850	maybe	Minimum Credit Score: 660  Lowest Score Any Borrower: 660	>=660	>=620	>=660	>=640	>=680	>=661	>=660	>=620			co-borrower_fico	Coborrower credit score	Coborrower credit score	number	>=680	If product=Interest only,then >=640, If Income = Bank Statement , then >=660, If Income = WVOE , then >=620, If Income = 1 year + YTD  (Full doc) and 12-24 month Bank Statements , then >=660, If eligible_borrowers = Foreign Nationals , then >=700, else >=600	Same value will be for borr. and co. borr.	If product=Interest only,then >=640, Else >=620	if product=Interest only,then >=640, if eligible_borrowers = Foreign Nationals , then >=700, if income=ITIN ,then >=700, Else >=700	If product=Interest only,then >=640, Else >=640	If product=Interest only,then >=640, Else >=700	If individual borrower – Use the lowest decision score, If vesting in an entity – Use the decision score of the member with the highest ownership percentage, Else>=680		done
Credit	qualifying_credit_score	primary wage earner, ???		Qualifying Credit Score : Primary Wage Earner	primary wage earner	primary wage earner	primary wage earner	primary wage earner	primary wage earner	As per DU		primary wage earner				Qualifying Credit Score	Whose credit score will be used as the qualifying credit score?		primary wage earner	primary wage earner		Need to check	Need to check	Need to check	Need to check	If individual borrower – Use the lowest decision score, If vesting in an entity – Use the decision score of the member with the highest ownership percentage		Need to check
Income	dti	0 to 1		DTI: >85% LTV/CLTV = 45% <=85% LTV/CLTV = 50%  ---         •        If LTV/CLTV > 85% → Max DTI = 45%         •        When the borrower is putting less than 15% down (higher risk), the debt-to-income ratio allowed is capped lower at 45%.         •        If LTV/CLTV ≤ 85% → Max DTI = 50%         •        When the borrower is putting 15% or more down (lower risk), the lender allows a higher DTI up to 50%.	if ltv,cltv>85%, then <=45% if ltv,cltv<=85%, then <=50% 	if ltv,cltv<=85%, then <=50%	<=50%	<=50%	<=50%	<=49.99%	<=50%	<=50%		{   "DTI": {     "conditions": [       {         "ltv_cltv": ">85%",         "max_dti": "45%"       },       {         "ltv_cltv": "≤85%",         "max_dti": "50%"       }     ]   } }	debt_to_income	Debt to Income Ratio	Debt to Income Ratio. A measure lenders use to determine how much of a borrower’s gross monthly income goes toward paying debts. DTI limits depend on LTV & CLTV  Two Types of DTI: 1. Front-End DTI (Housing Ratio) = Proposed Housing Payment (PITIA) / Gross Monthly Income 2. Back-End DTI (Total DTI) = (PITIA + All other monthly debts) / Gross monthly income	number	<=45%	if ltv ≥ 85%, then <=45% else <=50% 		NA	NA	NA	NA	NA		Done
Loan	cash_out		yes	Max Cash Out Allowed (may be used to meet reserves): LTV/CLTV >70%: $1,000,000LTV/CLTV <=70%: Unlimited  ----         •        If LTV/CLTV > 70% → Max Cash-Out = $1,000,000         •        Borrower can only take up to $1M in cash proceeds, even if equity would allow more.         •        Example: Property value $2M, loan balance $400K → theoretically $1M+ equity available. But since new LTV would be >70%, you’re capped at $1M cash out.         •        If LTV/CLTV ≤ 70% → Max Cash-Out = Unlimited	if ltv,cltv >70%, then <=$1,000,000 if ltv,cltv <=70%, then Unlimited 	if ltv,cltv >70%, then <=$1,000,000 if ltv,cltv <=70%, then Unlimited 	if ltv,cltv >70%, then <=$1,000,000 if ltv,cltv <=70%, then Unlimited 	if ltv,cltv >70%, then <=$1,000,000 if ltv,cltv <=70%, then Unlimited 	if ltv,cltv >70%, then <=$1,000,000 else Unlimited 	Unlimited	if ltv <=60% AND borrower_credit_score >720, then <=$1500000 else <=$500000	$500,000		{   "MaxCashOut": {     "conditions": [       {         "ltv_cltv": ">70%",         "max_cash_out": "$1,000,000"       },       {         "ltv_cltv": "≤70%",         "max_cash_out": "Unlimited"       }     ]   } }		Cash out amount	Cash out amount in case of a refinance	$	if ltv<=75% AND FICO >=700,then <=$1500000, if ltv<=70% AND FICO <700,then<=$1000000, if ltv 70%-75% AND FICO <700,then<=$500000, if ltv=75% ,then <=$500000 (Free & Clear ineligible), if Property Type=Vacant Properties,then <=750000, if Property =Free and clear AND ltv<=75%,then follow FICO requirements	if ltv<=75% AND FICO >=700,then <=$1500000, if ltv<=70% AND FICO <700,then<=$1000000, if ltv >70% and <75% AND FICO <700,then<=$500000, if ltv=75% ,then <=$500000 (Free & Clear ineligible), if Property Type=Vacant Properties,then <=750000, if Property =Free and clear AND ltv<=75%,then follow FICO requirements	what is the maximum cash out, that we need to mention in this field	if ltv<=75% AND FICO >=700,then <=$1500000, if ltv<=70% AND FICO <700,then<=$1000000, if ltv >70% and <75% AND FICO <700,then<=$500000, if ltv=75% ,then <=$500000 (Free & Clear ineligible), if Property Type=Vacant Properties,then <=750000, if Property =Free and clear AND ltv<=75%,then follow FICO requirements, else, <=$500000 (No Ratio) 	if ltv<=75% AND FICO >=700,then <=$1500000, if ltv<=70% AND FICO <700,then<=$1000000, if ltv >70% and <75% AND FICO <700,then<=$500000, if ltv=75% ,then <=$500000 (Free & Clear ineligible), if Property Type=Vacant Properties,then <=750000, if Property =Free and clear AND ltv<=75%,then follow FICO requirements, else, <=$500000 (No Ratio) 	if ltv<=75% AND FICO >=700,then <=$1500000, if ltv<=70% AND FICO <700,then<=$1000000, if ltv >70% and <75% AND FICO <700,then<=$500000, if ltv=75% ,then <=$500000 (Free & Clear ineligible), if Property Type=Vacant Properties,then <=750000, if Property =Free and clear AND ltv<=75%,then follow FICO requirements, else, <=$500000 (No Ratio) 	if ltv<=75% AND FICO >=700,then <=$1500000, if ltv<=70% AND FICO <700,then<=$1000000, if ltv >70% and <75% AND FICO <700,then<=$500000, if ltv=75% ,then <=$500000 (Free & Clear ineligible), if Property Type=Vacant Properties,then <=750000, if Property =Free and clear AND ltv<=75%,then follow FICO requirements, else, <=$500000 (No Ratio) 	If Property_Acquired>=6 month and <=12,then lesser of Current Appraisal Value or Purchase Price(+documented improvements),  If Property_Acquired>12,then Appraised value,  if ltv <=70%, then <=$1,000,000		Done
Loan	loan_amount		yes		>=125000 and <=3500000	>=125000 and <=3500000	>=125000 and <=2500000	>=125000 and <=2500000	>=125000 and <=3500000	>=300000 and <=2000000	>=75000 and <=3000000	>=75000 and <=1500000						$	>=$150000 and <=3000000 > $3,000,000 =See Guides for Appraisal & Credit Overlay	>=$125,000 and <=$4,000,000		>=$250000 and <=$3500000	>=$100000 and <=$3500000	>=$100000 and <= $3000000	>=$100000 and <= $3000000	>=$250,000 and <=2,000,000		done
Loan	loan_type	purchase, rate_term_refi, cash_out_refi	yes		purchase, rate_term_refi, cash_out_refi	purchase, rate_term_refi, cash_out_refi	purchase, rate_term_refi, cash_out_refi	purchase, rate_term_refi, cash_out_refi	purchase, rate_term_refi, cash_out_refi	purchase, rate_term_refi, cash_out_refi	purchase, rate_term_refi, cash_out_refi	purchase, rate_term_refi, cash_out_refi			transaction_type			list of values	purchase, rate_term_refi, cash_out_refi	purchase, rate_term_refi, cash_out_refi		purchase, rate_term_refi, cash_out_refi	purchase, rate_term_refi, cash_out_refi	purchase, rate_term_refi, cash_out_refi	purchase, rate_term_refi, cash_out_refi	purchase, rate_term_refi, cash_out_refi		done
Collateral	occupancy	Owner Occupied, Second Home, Investment , Non-Owner Occupied Investment	yes	Occupancy : Owner Occupied, Second Home, Investment	Owner Occupied, Second Home, Investment	Owner Occupied, Second Home, Investment	Owner Occupied, Second Home, Investment	Owner Occupied, Second Home, Investment	Owner Occupied, Second Home, Investment	Owner Occupied, Second Home, Investment	Owner Occupied, Second Home, Investment	Owner Occupied, Second Home, Investment				Occupancy	What is the intended occupancy for the property being mortgaged	list of values	Owner Occupied, Second Home, Investment	Owner Occupied, Second Home, Investment	as per chat gpt- Need to check Primary Residence - (Rural)  Non-Owner Occupied (Investment Property)	Investment, Non-Owner Occupied Investment (permitted by applicable state law and regulations).	Investment, Non-Owner Occupied Investment (permitted by applicable state law and regulations).	Investment, Non-Owner Occupied Investment (permitted by applicable state law and regulations).	Investment, Non-Owner Occupied Investment (permitted by applicable state law and regulations).	Investment		done
Collateral	property_type	Single Family Residence (SFR),  Condo,  Townhouse,  PUD,  2 Unit, 3-4 Unit, 2-4 Unit Property,  Manufactured Home,  Modular (Mobile) Home,  5-8 Unit Property,  Mixed Use,  Commercial,  9+ Unit Property, Condo Non-Warrantable, Rural	yes															list of values	Condo, Condo Non-Warrantable, 2 Unit, 3-4 Unit, Rural	Condo, Condo Non-Warrantable, 2 Unit, 3-4 Unit, Rural		Condo Condo Non-Warrantable, 2-4 Unit Rural 1-4	Condo Condo Non-Warrantable, 2-4 Unit Rural 1-4	Condo Condo Non-Warrantable, 2-4 Unit Rural 1-4	Condo Condo Non-Warrantable, 2-4 Unit Rural 1-4	Residential 5-8 Units		done
Income	reserves		yes	Minimum Reserves - Primary : <=$2,000,000 = 6 months >$2,000,000 = 9 months -----  • If loan amount (or loan size) ≤ $2,000,000 → Minimum Reserves = 6 months  • The borrower must show they have enough liquid assets to cover 6 months of PITIA (Principal, Interest, Taxes, Insurance, and HOA dues if any).  • If loan amount > $2,000,000 → Minimum Reserves = 9 months	if loan_amount <= 2000000, then >=6 if loan_amount > 2000000, then >=9 	if loan_amount <= 1000000, then >=3 if (loan_amount > 1000000 and <= 2000000), then >=6 if loan_amount > 3000000, then >=9  if (loan_type = rate_term_refi AND ltv<=60% AND 30day_mortgage_lates_in_12_months = 0), then 0	Per DU/LP	Per DU/LP	if loan_amount <= 2000000, then >=6 if loan_amount > 2000000, then >=9 	3-12 months based on loan amount, credit score, and occupancy	6-12 months	>=3		{   "MinimumReservesPrimary": {     "conditions": [       {         "loan_amount": "≤$2,000,000",         "minimum_reserves": "6 months PITIA"       },       {         "loan_amount": ">$2,000,000",         "minimum_reserves": "9 months PITIA"       }     ]   } }		Minimum Reserves	What is the minimum reserve requirement in number of months? Number of months means - for how many months can the PITIA be covered.  This depends on loan amount.	number of months	if loan_amount <=2000000, then >=6 (cash-out cannot be utilized),  if loan_amount > 2000000 and <= 3000000), then >=12 (cash-out cannot be utilized),  for each additional financed property, add 2 months reserves (based on subject property PITIA)	if occupancy = Owner Occupied or Second Home and LTV ≤ 75%, then 0  (cash-out may be utilized),  if occupancy = Owner Occupied or Second Home and LTV >75% and ≤ 80%, then ≥ 3  (cash-out may be utilized),  if occupancy = Owner Occupied or Second Home and loan_type = purchase and rate_term_refi and LTV > 80%, then ≥ 3 (w/0x30x12) (cash-out may be utilized),  if occupancy = Owner Occupied or Second Home and loan_type=cas_out_refi and LTV > 80%, then ≥ 6  (cash-out may be utilized),  if occupancy = Investment and LTV ≤ 70%, then = 0 (cash-out may be utilized),  if occupancy = Investment and LTV >70% and ≤ 80%, then ≥ 3 (cash-out may be utilized),  if occupancy = Investment and loan_type = purchase and rate_term_refi and LTV > 80%, then ≥ 3 (w/0x30x12) (cash-out may be utilized),  if occupancy = Investment and loan_type=cas_out_refi and LTV > 80%, then ≥ 6  (cash-out may be utilized),  if loan_amount >=2,000,000 and ≤ 3,000,000, then ≥ 6 (cash-out may be used to satisfy up to 50% of reserve requirement),  if loan_amount > 3,000,000, then ≥ 12 (cash-out may be used to satisfy up to 50% of reserve requirement),  For each additional financed property, then add 2 months reserves (based on subject property PITIA), if borrower has lates <=0 (1 x 60 x 12), then total reserves + 3		if eligible_borrowers = Inexperienced Investors , then >=3 (cash-out cannot be utilized) ,  if loan_amount >= $2000000 and <$3000000 , then >= 6 (cash-out can be used to satisfy up to 50% of reserve) ,  if loan_amount >=3000000 , then >=12 (cash-out can be used to satisfy up to 50% of reserve) ,  else , >=3 (cash-out cannot be utilized)	if ltv>=65% ,then >=3 (cash-out can be utilized) ,  if eligible_borrowers = Inexperienced Investors , then >=3 (cash-out cannot be utilized) ,  if loan_amount >= $2000000 and <$3000000 , then >= 6 (cash-out can be used to satisfy up to 50% of reserve) ,  if loan_amount >=3000000 , then >=12 (cash-out can be used to satisfy up to 50% of reserve)  	if eligible_borrowers = Inexperienced Investors , then >=3 (cash-out cannot be utilized) ,  if loan_amount >= $2000000 and <$3000000 , then >= 6 (cash-out can be used to satisfy up to 50% of reserve) ,  if loan_amount >=3000000 , then >=12 (cash-out can be used to satisfy up to 50% of reserve) ,  else , >=6 (cash-out cannot be utilized)	>=6 (cash-out cannot be utilized)	if loan_amount >1500000 then >=9 (cash-out cannot be utilized), else >=6 (cash-out cannot be utilized)		done (7th oct 25)
Credit	30day_mortgage_lates_in_06_months															30 day Mortgage Lates in last 06 months 	Mortgage lates (late payments) beyond 30 days in last 06 months	number	NA	if loan_amount<=$2500000, then LTV-10% Reduction and lates <=1 , if loan_amount>$2500000, then LTV-20% Reduction and lates <=1		NA	NA	NA	NA	NA		Done(06 oct 25)
Credit	30day_mortgage_lates_in_12_months		no	Mortgage Lates: 0x30x12	<=0		<=1		<=0		<=1					30 day Mortgage Lates in last 12 months 	Mortgage lates (late payments) beyond 30 days in last 12 months	number	NA	if loan_amount <= $2500000 ,then LTV=5% Reduction and lates <=1, if loan_amount >$2500000 and <=3500000 ,then LTV=10% Reduction and lates <=1, Else,<=0		<=0	If Investors=Inexperienced ,then <=0, else <=1	<=0	<=0	NA		Done(06 oct 25)
Credit	30day_mortgage_lates_in_24_months		no													30 day Mortgage Lates in last 24 months 	Mortgage lates (late payments) beyond 30 days in last 24 months	number	<=0 Rent free not allowed	NA		NA	NA	NA	NA	<=0		Done(06 oct 25)
Credit	60day_mortgage_lates_in_12_months		no			<=0		<=0				<=0				60 day Mortgage Lates in last 12 months 	Mortgage lates (late payments) beyond 60 days in last 12 months	number	NA	if loan_amount<= $2500000 ,then LTV-10% Reduction and lates <=1 (must be 0 x 60 in most recent 6), if loan_amount >$2500000 and <=3500000 ,then LTV-15% Reduction and lates <=1 (must be 0 x 60 in most recent 6),		NA	NA	NA	NA	NA		Done(06 oct 25)
Credit	60day_mortgage_lates_in_24_months		no							<=0						60 day Mortgage Lates in last 24 months 	Mortgage lates (late payments) beyond 60 days in last 24 months	number	NA	NA		NA	NA	NA	NA	NA		Done(06 oct 25)
Credit	90day_mortgage_lates_in_24_months		no							<=0						90 day Mortgage Lates in last 24 months 	Mortgage lates (late payments) beyond 90 days in last 12 months	number	NA	NA		NA	NA	NA	NA	NA		Done(06 oct 25)
Credit	120day_mortgage_lates_in_12_months		no									<=1				120 day Mortgage Lates in last 12 months 	Mortgage lates (late payments) beyond 120 days in last 12 months	number	NA	NA		NA	NA	NA	NA	NA		Done(06 oct 25)
Credit	credit_event_major	yes, no	maybe													Major credit event	Major credit event like foerclosure, short sale, deed in lieu of foreclosure and bankruptcy	list of values	Yes	Yes		yes	yes	yes	yes	yes		Done
Credit	credit_event_type	foreclosure, short sale, deed in lieu of foreclosure, bankruptcy, modification	maybe													Credit event type	Type of the credit event	list of values	foreclosure, short sale, deed in lieu of foreclosure, bankruptcy, CCC (Closed Credit Case)	foreclosure, short sale, deed in lieu of foreclosure, bankruptcy, CCC (Closed Credit Case)		foreclosure, short sale, deed in lieu of foreclosure, bankruptcy, CCC (Closed Credit Case)	foreclosure, short sale, deed in lieu of foreclosure, bankruptcy, CCC (Closed Credit Case)	foreclosure, short sale, deed in lieu of foreclosure, bankruptcy, CCC (Closed Credit Case)	foreclosure, short sale, deed in lieu of foreclosure, bankruptcy, CCC (Closed Credit Case)	Bankruptcy, Foreclosure, Short Sale, deed in lieu of foreclosure, Modification		Done
Credit	credit_event_seasoning		maybe	Foreclosure, Short Sale, Bankruptcy: 4 years	>=48	>=24 (no LLPA) >=12 (with LLPA)	>=48	>=24	>=48	>=48	>=48	>=24					Months since the credit event LLPA - (Loan-Level Price Adjustment) is a risk-based fee charged by Fannie Mae and Freddie Mac on conventional loans to account for borrower and loan characteristics that increase risk. Factors like a borrower's credit score, loan-to-value (LTV) ratio, and property type influence the LLPA, which can either increase or decrease the interest rate or closing costs. Higher LLPA fees are applied to riskier loans, while lower fees are given to lower-risk borrowers with factors like high credit scores and large down payments	number of months	>=48 Multiple unrelated credit events not allowed	36 Months (12 mos seasoning on discharged BK CH 13 or CCC w/pay history allowed) 24 Months 10% LTV reduction, $3.5 max LA (discharged BK CH 13 or CCC w/pay history allowed) 12 Months - 15% LTV reduction, $3.0 max LA (discharged BK CH 13 or CCC allowed)		>=48	if credit_event_seasoning= foreclosure or Closed Credit Case,then >=36 , if credit_event_seasoning= bankruptcy Ch 13 (w/ pay history),then>=12 , if credit_event_seasoning= short sale or deed in lieu of foreclosure or bankruptcy Ch 7,then >=24	>=36	>=36	>=36		Done
Credit	fc_seasoning		no	Foreclosure, Short Sale, Bankruptcy: 4 years	>=48	>=24 (no LLPA) >=12 (with LLPA)	>=48	>=24	>=48	>=48	>=48	>=24					Months since foreclosure	number of months	Not needed as suggested by Murali	Not needed as suggested by Murali	no need to update individually	Not needed as suggested by Murali	Not needed as suggested by Murali	Not needed as suggested by Murali	Not needed as suggested by Murali	Not needed as suggested by Murali		Not needed as suggested by Murali
Credit	ss_seasoning		no	Foreclosure, Short Sale, Bankruptcy: 4 years	>=48	>=24 (no LLPA) >=12 (with LLPA)	>=48	>=24	>=48	>=48	>=48	>=24					Months since short sale	number of months	Not needed as suggested by Murali	Not needed as suggested by Murali	no need to update individually	Not needed as suggested by Murali	Not needed as suggested by Murali	Not needed as suggested by Murali	Not needed as suggested by Murali	Not needed as suggested by Murali		Not needed as suggested by Murali
Credit	dil_seasoning		no		>=48	>=24 (no LLPA) >=12 (with LLPA)	>=48	>=24	>=48	>=48	>=48	>=24					Months since deed in lieu of foreclosure event	number of months	Not needed as suggested by Murali	Not needed as suggested by Murali	no need to update individually	Not needed as suggested by Murali	Not needed as suggested by Murali	Not needed as suggested by Murali	Not needed as suggested by Murali	Not needed as suggested by Murali		Not needed as suggested by Murali
Credit	bk_seasoning		no	Foreclosure, Short Sale, Bankruptcy: 4 years	>=48	>=24 (no LLPA) >=12 (with LLPA)	>=48	>=24	>=48	>=48	>=48	>=24					Months since bankruptcy	number of months	Not needed as suggested by Murali	Not needed as suggested by Murali	no need to update individually	Not needed as suggested by Murali	Not needed as suggested by Murali	Not needed as suggested by Murali	Not needed as suggested by Murali	Not needed as suggested by Murali		Not needed as suggested by Murali
Income	borrower_contribution			Down Payment/Gift Funds: Minimum Borrower Contribution >80% LTV/CLTV: Borrower must have 10% of their own funds documented but not required to use •Minimum Borrower Contribution ≤80% LTV/CLTV: Borrower must have 5% of their own funds documented but not required to use • If above minimum borrower contribution % is not used towards the down payment, documented gift funds can be used towards reserves. Business Funds allowed	if ltv, cltv > 80%, then >=10% if ltv, cltv <=80%, then >=5%	if ltv, cltv > 80%, then >=10% if ltv, cltv <=80%, then >=5%			if ltv, cltv > 80%, then >=10% if ltv, cltv <=80%, then >=5%	>=5%	>=10%	>=10%				Minimum Borrower Contribution	The minimum amount of the borrower’s own funds that must come directly from the borrower (not gifts, not seller credits, not grants) toward the purchase or refinance transaction.	$	NA	NA	NA	NA	NA	NA	NA	NA		done(7th oct 25)
Income	gifts_for_down_payment	yes, no			yes	yes	Follow FNMA rules	Follow FNMA rules	yes	yes	yes	yes				Gifts for Down Payment	Can gift funds be used for down payment?		No	100% allowed w/10% LTV reduction from max LTV (see above),  no LTV reduction required with min 5% buyer own funds  Gift of Equity not allowed on Select NonQM   If gifts_for_down_payment= Yes(100%) then LTV= 10% reduction from Max LTV If gifts_for_down_payment= Yes(5% buyer's own funds) then LTV= No Reduction from Max LTV 		100% allowed with 10% LTV reduction from program Max LTV (see above). No LTV reduction required with min 5% buyer own funds. Gift of Equity not allowed for Select DSCR	100% allowed with 10% LTV reduction from program Max LTV (see above). No LTV reduction required with min 5% buyer own funds. Gift of Equity not allowed for Select DSCR	100% allowed with 10% LTV reduction from program Max LTV (see above). No LTV reduction required with min 5% buyer own funds. Gift of Equity not allowed for Select DSCR	100% allowed with 10% LTV reduction from program Max LTV (see above). No LTV reduction required with min 5% buyer own funds. Gift of Equity not allowed for Select DSCR	no		Will format it at last after gathering all info
Income	business_funds_for_down_payment (or reserves?)	yes, no			yes	yes	yes	yes	yes	no						Business Funds for Down Payment	Can business funds be used for down payment?		NA	NA	NA	NA	NA	NA	NA	NA		done(7th oct 25)
Collateral	appraisal_review_required	yes, no		Appraisal Review: CU Score ≤2.5 required (regardless of Appraisal Valuation Review results) on all SFRs with less than 12 months ownership. For Collateral Underwriter (CU) scores <= 2.5 – no additional review is required for the following LTVs/Transaction Types: Purchase and Rate/Term Refinance: <=75% LTV/CLTV Cash Out: <=70% LTV/CLTV	if cu_score <= 2.5 AND  (loan_type = purchase OR rate_term_refi) AND ltv <= 0.75 then no  if cu_score <= 2.5 AND  loan_type = cash_out_refi AND ltv <= 0.70  then no  else yes	if cu_score <= 2.5 AND  (loan_type = purchase OR rate_term_refi) AND ltv <= 0.75  then no  if cu_score <= 2.5 AND  loan_type = cash_out_refi AND ltv <= 0.70  then no  else yes	if cu_score <= 2.5 AND  (loan_type = purchase OR rate_term_refi) AND ltv <= 0.75  then no  if cu_score <= 2.5 AND  loan_type = cash_out_refi AND ltv <= 0.70  then no  else yes	if cu_score <= 2.5 AND  (loan_type = purchase OR rate_term_refi) AND ltv <= 0.75  then no  if cu_score <= 2.5 AND  loan_type = cash_out_refi AND ltv <= 0.70  then no  else yes	if cu_score <= 2.5 AND  (loan_type = purchase OR rate_term_refi) AND ltv <= 0.75  then no  if cu_score <= 2.5 AND  loan_type = cash_out_refi AND ltv <= 0.70  then no  else yes	if cu_score <= 2.5 AND  (loan_type = purchase OR rate_term_refi) AND ltv <= 0.80 AND loan_amount <= $1500000 then no  else yes	if cu_score <= 2.5 AND  (loan_type = purchase OR rate_term_refi) AND ltv <= 0.80 AND loan_amount <= $2000000 then no  else yes	if cu_score <= 2.5 AND  (loan_type = purchase OR rate_term_refi) AND ltv <= 0.80 AND loan_amount <= $2000000 then no  else yes				Appraisal Valuation Review Required	Is Appraisal Valuation Review Required? This depends on CU Score and other factors Related context: A Collateral Desktop Analysis (CDA) is a third-party appraisal review product (usually from providers like Clear Capital, Solidifi, etc.) used by lenders/investors to validate an appraiser’s opinion of value.         •        It’s essentially a desk review of the appraisal.         •        Independent analyst/software compares the appraisal to market data, comps, and trends.         •        Provides a confidence score and sometimes an adjusted value range.  ⸻  How It’s Used in Guidelines         •        Many investors require either:         •        A low CU score (e.g., ≤ 2.5) OR         •        A CDA to support the appraisal.		if icu_score <=2.5 and loan_amount <=$2000000 ,then no,  if cu_score >2.5 or no score and loan_amount <=$2000000 ,then yes (review required for ARR, CCA or CDA, 10% variance allowed),  if loan_amount >$2000000,then Yes (Enhanced desk review (ARR, CCA or CDA) required on lower valued appraisal),  else Yes 	if icu_score <=2.5 and loan_amount <=$2000000 ,then no,  if cu_score >2.5 or no score and loan_amount <=$2000000 ,then yes (review required for ARR, CCA or CDA, 10% variance allowed),  if loan_amount >$2000000,then Yes (Enhanced desk review (ARR, CCA or CDA) required on lower valued appraisal),  else Yes 		if icu_score <=2.5 and loan_amount <=$2000000 ,then no,  if cu_score >2.5 or no score and loan_amount <=$2000000 ,then yes (review required for ARR, CCA or CDA, 10% variance allowed),  if loan_amount >$2000000,then Yes (Enhanced desk review (ARR, CCA or CDA) required on lower valued appraisal),  else Yes 	if icu_score <=2.5 and loan_amount <=$2000000 ,then no,  if cu_score >2.5 or no score and loan_amount <=$2000000 ,then yes (review required for ARR, CCA or CDA, 10% variance allowed),  if loan_amount >$2000000,then Yes (Enhanced desk review (ARR, CCA or CDA) required on lower valued appraisal),  else Yes 	if icu_score <=2.5 and loan_amount <=$2000000 ,then no,  if cu_score >2.5 or no score and loan_amount <=$2000000 ,then yes (review required for ARR, CCA or CDA, 10% variance allowed),  if loan_amount >$2000000,then Yes (Enhanced desk review (ARR, CCA or CDA) required on lower valued appraisal),  else Yes 	if icu_score <=2.5 and loan_amount <=$2000000 ,then no,  if cu_score >2.5 or no score and loan_amount <=$2000000 ,then yes (review required for ARR, CCA or CDA, 10% variance allowed),  if loan_amount >$2000000,then Yes (Enhanced desk review (ARR, CCA or CDA) required on lower valued appraisal),  else Yes 	if a property is being financed, then Yes(for Commercial Sales and Income BPO (exterior)).		Done(06 oct 25)
Collateral	number_of_appraisals			Appraisal Requirements: Loan amount ≥ $2,000,000 and >65% LTV/CLTV - 2 full appraisals*Appraisals can be ordered through the standard appraisal ordering system from any AMC approved in your designated region. Approved AMCs will be available in your AMC drop down on the appraisal order form.	if loan_amount >= $2000000 AND ltv, cltv > 65%, then 2 Else 1	1	if loan_amount >= $2000000 AND ltv, cltv > 65%, then 2 Else 1	1	if loan_amount >= $2000000 AND ltv, cltv > 65%, then 2 Else 1	if loan_type = purchase AND loan_amount <= $2000000, then 1 if loan_type = (rate_term_refi OR cash_out_refi) AND loan_amount > $1500000, then 2 if loan_type = (rate_term_refi OR cash_out_refi) AND loan_amount <= $1500000, then 1	if loan_amount > $2000000, then 2 Else 1	if loan_amount > $2000000, then 2 Else 1				Number of appraisals	Number of appraisals needed	number	if loan_amount >$2000000 ,then 2 Else 1 	if loan_amount >$2000000 ,then 2 Else 1 		if loan_amount >$2000000 ,then 2 Else 1 	if loan_amount >$2000000 ,then 2 Else 1 	if loan_amount >$2000000 ,then 2 Else 1 	if loan_amount >$2000000 ,then 2 Else 1 	if (Note Date - Appraisal Date) > 120 days, then 2 , Else 1		Done(06 oct 25)
Collateral	appraisal_transfer_allowed	yes, no		Appraisal Transfer Allowed:  Transferred appraisals are acceptable, unless ordered by borrower or affiliate of the property seller.	yes	yes	yes	yes	yes	no	yes	yes					Are transferred appraisals allowed?		NA	NA		NA	NA	NA	NA	no		Done(06 oct 25)
Credit	cu_score	1 to 5			if length_of_ownership < 12, then <=2.5	if length_of_ownership < 12, then <=2.5			if length_of_ownership < 12, then <=2.5							Collateral Underwriter score	Collateral Underwriter score. Collateral Underwriter (CU) is Fannie Mae’s automated appraisal risk assessment tool. It assigns a risk score from 1.0 to 5.0 on every appraisal submitted through the Uniform Collateral Data Portal (UCDP).	number	NA	NA		NA	NA	NA	NA	NA		Done(06 oct 25)
Loan	ltv	0 to 1	maybe	Maximum LTV/CLTV (Purchase, Rate/Term): 85% (Interest Only Purchase)  Maximum LTV/CLTV (Cash Out): 80%	if loan_type = purchase OR rate_term_refi, then <=85% if loan_type = purchase OR rate_term_refi, then <=80%	if loan_type = purchase OR rate_term_refi, then <=80% if loan_type = purchase OR rate_term_refi, then <=80%	if loan_type = purchase OR rate_term_refi, then <=80% if loan_type = purchase OR rate_term_refi, then <=75%	if loan_type = purchase OR rate_term_refi, then <=80% if loan_type = purchase OR rate_term_refi, then <=75%	if loan_type = purchase OR rate_term_refi, then <=75% if loan_type = purchase OR rate_term_refi, then <=75%	if loan_type = purchase OR rate_term_refi, then <=89.99% if loan_type = purchase OR rate_term_refi, then <=80%	if loan_type = (purchase OR rate_term_refi)  AND product_type contains I/O, then <=89.99% if loan_type = purchase OR rate_term_refi, AND product_type does not contain I/O, then <=80%	if loan_type = purchase OR rate_term_refi, then <=80% if loan_type = purchase OR rate_term_refi, then <=75%			loan_to_value	Loan to Value	Loan to Value. It measures how much of the property’s value is financed by the loan. LTV = Loan Amount/ (Appraised Value or Purchase Price, whichever is less) 	number	Max LTV Non-Owner Occupied: 75% 2nd Home: 75% Condo: 85% (FL Condo: 75%) 2 Unit: 80% 3-4 Unit: 75% Rural: Not Available  If Loan Amount <= 1000000 , Loan Type = Cash-Out , Credit Score >= 700, then LTV/CLTV = 75%. If Loan Amount <= 1000000 , Loan Type = Cash-Out , Credit Score is 680-699, then LTV/CLTV = 75%. If Loan Amount <= 1000000 , Loan Type = Purchase , Credit Score >= 700, then LTV/CLTV = 85%. If Loan Amount <= 1000000 , Loan Type = Purchase , Credit Score is 680-699, then LTV/CLTV = 80%. If Loan Amount <= 1000000 , Loan Type = Rate/Term , Credit Score >= 700, then LTV/CLTV = 80%. If Loan Amount <= 1000000 , Loan Type = Rate/Term , Credit Score is 680-699, then LTV/CLTV = 80%.  If Loan Amount <= 1500000 , Loan Type = Cash-Out , Credit Score >= 720, then LTV/CLTV = 75%. If Loan Amount <= 1500000 , Loan Type = Cash-Out , Credit Score is 680-699, then LTV/CLTV = 70%. If Loan Amount <= 1500000 , Loan Type = Cash-Out , Credit Score is 700-719, then LTV/CLTV = 75%. If Loan Amount <= 1500000 , Loan Type = Purchase , Credit Score >= 720, then LTV/CLTV = 85%. If Loan Amount <= 1500000 , Loan Type = Purchase , Credit Score is 680-699, then LTV/CLTV = 75%. If Loan Amount <= 1500000 , Loan Type = Purchase , Credit Score is 700-719, then LTV/CLTV = 80%. If Loan Amount <= 1500000 , Loan Type = Rate/Term , Credit Score >= 720, then LTV/CLTV = 80%. If Loan Amount <= 1500000 , Loan Type = Rate/Term , Credit Score is 680-699, then LTV/CLTV = 75%. If Loan Amount <= 1500000 , Loan Type = Rate/Term , Credit Score is 700-719, then LTV/CLTV = 80%.  If Loan Amount <= 2000000 , Loan Type = Cash-Out , Credit Score >= 740, then LTV/CLTV = 75%. If Loan Amount <= 2000000 , Loan Type = Cash-Out , Credit Score is 700-719, then LTV/CLTV = 70%. If Loan Amount <= 2000000 , Loan Type = Cash-Out , Credit Score is 720-739, then LTV/CLTV = 75%. If Loan Amount <= 2000000 , Loan Type = Purchase , Credit Score >= 740, then LTV/CLTV = 85%. If Loan Amount <= 2000000 , Loan Type = Purchase , Credit Score is 700-719, then LTV/CLTV = 75%. If Loan Amount <= 2000000 , Loan Type = Purchase , Credit Score is 720-739, then LTV/CLTV = 80%. If Loan Amount <= 2000000 , Loan Type = Rate/Term , Credit Score >= 740, then LTV/CLTV = 80%. If Loan Amount <= 2000000 , Loan Type = Rate/Term , Credit Score is 700-719, then LTV/CLTV = 75%. If Loan Amount <= 2000000 , Loan Type = Rate/Term , Credit Score is 720-739, then LTV/CLTV = 80%.  If Loan Amount <= 2500000 , Loan Type = Cash-Out , Credit Score >= 740, then LTV/CLTV = 75%. If Loan Amount <= 2500000 , Loan Type = Cash-Out , Credit Score is 680-699, then LTV/CLTV = 60%. If Loan Amount <= 2500000 , Loan Type = Cash-Out , Credit Score is 700-739, then LTV/CLTV = 70%. If Loan Amount <= 2500000 , Loan Type = Purchase , Credit Score >= 740, then LTV/CLTV = 80%. If Loan Amount <= 2500000 , Loan Type = Purchase , Credit Score is 680-699, then LTV/CLTV = 65%. If Loan Amount <= 2500000 , Loan Type = Purchase , Credit Score is 700-739, then LTV/CLTV = 75%. If Loan Amount <= 2500000 , Loan Type = Rate/Term , Credit Score >= 740, then LTV/CLTV = 80%. If Loan Amount <= 2500000 , Loan Type = Rate/Term , Credit Score is 680-699, then LTV/CLTV = 65%. If Loan Amount <= 2500000 , Loan Type = Rate/Term , Credit Score is 700-739, then LTV/CLTV = 75%.  If Loan Amount <= 3000000 , Loan Type = Cash-Out , Credit Score >= 720, then LTV/CLTV = 70%. If Loan Amount <= 3000000 , Loan Type = Cash-Out , Credit Score is 680-699, then LTV/CLTV = 55%. If Loan Amount <= 3000000 , Loan Type = Cash-Out , Credit Score is 700-719, then LTV/CLTV = 60%. If Loan Amount <= 3000000 , Loan Type = Purchase , Credit Score >= 720, then LTV/CLTV = 75%. If Loan Amount <= 3000000 , Loan Type = Purchase , Credit Score is 680-699, then LTV/CLTV = 60%. If Loan Amount <= 3000000 , Loan Type = Purchase , Credit Score is 700-719, then LTV/CLTV = 65%. If Loan Amount <= 3000000 , Loan Type = Rate/Term , Credit Score >= 720, then LTV/CLTV = 75%. If Loan Amount <= 3000000 , Loan Type = Rate/Term , Credit Score is 680-699, then LTV/CLTV = 60%. If Loan Amount <= 3000000 , Loan Type = Rate/Term , Credit Score is 700-719, then LTV/CLTV = 65%.  If Loan Amount > 3000000, then LTV/CLTV rules require you to "See Guides for Appraisal & Credit Overlay".	If gifts_for_down_payment= Yes(100%) then LTV= 10% reduction from Max LTV If gifts_for_down_payment= Yes(5% buyer's own funds) then LTV= No Reduction from Max LTV		Condo: 75% FL Condo: 70% NW Condo: NA 2-4 Unit: NA Rural: NA	Condo: 80% FL Condo: 70% NW Condo (Max $3.0M): 75% FL Condo (NW Condo): 65% 2-4 Unit: 80% Rural: 65% For > 80% LTV: 1.20 min ratio	Condo: 60% FL Condo: 50% NW Condo: 60% FL Condo (NW Condo): 50% 2-4 Unit: 60% Rural: NA	Condo: 60% FL Condo: 50% NW Condo: 60% FL Condo (NW Condo): 50% 2-4 Unit: 60% Rural: NA	Need to check		Will format it at last after gathering all info
Loan	cltv	0 to 1 (to be checked)	maybe	Maximum LTV/CLTV (Purchase, Rate/Term): 85% (Interest Only Purchase)  Maximum LTV/CLTV (Cash Out): 80%	if loan_type = purchase OR rate_term_refi, then <=85% if loan_type = purchase OR rate_term_refi, then <=80%	if loan_type = purchase OR rate_term_refi, then <=80% if loan_type = purchase OR rate_term_refi, then <=80%	if loan_type = purchase OR rate_term_refi, then <=80% if loan_type = purchase OR rate_term_refi, then <=75%	if loan_type = purchase OR rate_term_refi, then <=80% if loan_type = purchase OR rate_term_refi, then <=75%	if loan_type = purchase OR rate_term_refi, then <=75% if loan_type = purchase OR rate_term_refi, then <=75%	if loan_type = purchase OR rate_term_refi, then <=89.99% if loan_type = purchase OR rate_term_refi, then <=80%	if loan_type = (purchase OR rate_term_refi)  AND product_type contains I/O, then <=89.99% if loan_type = purchase OR rate_term_refi, AND product_type does not contain I/O, then <=80%	if loan_type = purchase OR rate_term_refi, then <=80% if loan_type = purchase OR rate_term_refi, then <=75%			combined_loan_to_value	Combined loan to value	Combined loan to value. It includes all mortgages/liens on the property (1st + 2nd mortgage, HELOC, etc.). CLTV = Total of All Loans Secured by the Property / (Appraised Value or Purchase Price. whichever is less)	number	NA	NA		NA	NA	NA	NA	NA		done
Collateral	length_of_ownership		yes													Length of ownership	Length of ownership of the property in months. This is relevant in case of Refinances	number of months	if loan_type=cash_out_refi then >=6 , if loan_type=cash_out_refi and eligible_borrowers = ITIN Borrowers, then >=12 , if loan_type=rate_term_refi and eligible_borrowers = ITIN Borrowers, then >=6	if loan_type=cash_out_refi then >=6 , if loan_type=cash_out_refi and eligible_borrowers = ITIN Borrowers, then >=12 , if loan_type=rate_term_refi and eligible_borrowers = ITIN Borrowers, then >=6		if loan_type=cash_out_refi then >=6 , if loan_type=cash_out_refi and eligible_borrowers = ITIN Borrowers, then >=12 , if loan_type=rate_term_refi and eligible_borrowers = ITIN Borrowers, then >=6	if loan_type=cash_out_refi then >=6 , if loan_type=cash_out_refi and eligible_borrowers = ITIN Borrowers, then >=12 , if loan_type=rate_term_refi and eligible_borrowers = ITIN Borrowers, then >=6	if loan_type=cash_out_refi then >=6 , if loan_type=cash_out_refi and eligible_borrowers = ITIN Borrowers, then >=12 , if loan_type=rate_term_refi and eligible_borrowers = ITIN Borrowers, then >=6	if loan_type=cash_out_refi then >=6 , if loan_type=cash_out_refi and eligible_borrowers = ITIN Borrowers, then >=12 , if loan_type=rate_term_refi and eligible_borrowers = ITIN Borrowers, then >=6	Rate/Term Refinance: Acquired ≤ 6 months: The lesser of the current appraisal value or the purchase price plus documented improvements (if any) is used. Acquired > 6 months: The appraised value is used.  Cash-Out Refinance: Acquired > 6 months & < 12 months: The lesser of the current appraisal value or the purchase price plus documented improvements (if any) is used. Acquired > 12 months: The appraised value is used.		need to check
Income	gift_funds_for_reserves	yes, no		Down Payment/Gift Funds: • If above minimum borrower contribution % is not used towards the downpayment, documented gift funds can be used towards reserves.Business Funds allowed	yes, if documented borrower funds are not used for down payment												Can (and when can) the gift funds be used for Reserves requirement?	list of values	NA	100% allowed w/10% LTV reduction from max LTV (see above), no LTV reduction required with min 5% buyer own funds Gift of Equity not allowed on Select NonQM		Need to check	Need to check	Need to check	Need to check	no		Will format it at last after gathering all info
Collateral	non-warrantable_condos_allowed	yes, no		Non-Warrantable Condos: Eligible	yes	yes	yes	yes	yes	yes	yes	yes				Non-warrantable condos eligible	A Non-Warrantable Condo = a condominium project that does not meet Fannie Mae or Freddie Mac’s eligibility requirements (“warrantability”).  • “Warrantable” = the condo is eligible for sale to Fannie/Freddie.  • “Non-Warrantable” = ineligible, so it can’t be sold to the agencies.  • That means Conventional financing (Conforming loans) is not allowed → borrowers usually need portfolio loans, non-QM loans, or jumbo financing.	list of values	no	Yes		yes	yes	yes	yes	NA		Done
Collateral	condotels_allowed	yes, no		Condotel: Ineligible	no	no	no	no	no	yes	no	no				Condotels eligible	A Condotel = a condo in a hotel-like building, offering nightly rentals and hotel services. It’s automatically non-warrantable, so borrowers can’t get conventional financing — they need portfolio or non-QM loans, usually with larger down payments.	list of values	NA	NA		NA	NA	NA	NA	NA		done(6th oct 25)
Borrower profile	eligible_borrowers	US Citizen, Permanent Resident Alien,  Non-Permanent Resident Alien, First Time Homebuyers, First Time Investor, Non-Occupant Co-borrower, Experienced Investors, ITIN Borrowers		Eligible Borrowers : US Citizen Permanent Resident Alien Non-Permanent Resident Alien First Time Homebuyers (with restrictions) First Time Investor (with restrictions) Non-Occupant Co-borrower (with restrictions)	US Citizen, Permanent Resident Alien, Non-Permanent Resident Alien, First Time Homebuyers, First Time Investor, Non-Occupant Co-borrower	US Citizen, Permanent Resident Alien,  Non-Permanent Resident Alien, First Time Homebuyers, First Time Investor, Non-Occupant Co-borrower	US Citizen, Permanent Resident Alien, Non-Permanent Resident Alien, First Time Homebuyers, First Time Investor, Non-Occupant Co-borrower	US Citizen, Permanent Resident Alien, Non-Permanent Resident Alien, First Time Homebuyers, First Time Investor, Non-Occupant Co-borrower	US Citizen, Permanent Resident Alien, Non-Permanent Resident Alien, First Time Homebuyers, First Time Investor, Non-Occupant Co-borrower	US Citizen, Permanent Resident Alien, Non-Permanent Resident Alien, First Time Homebuyers, Non-Occupant Co-borrower	US Citizen, Permanent Resident Alien, Non-Permanent Resident Alien, First Time Homebuyers, First Time Investor, Non-Occupant Co-borrower	US Citizen, Permanent Resident Alien, Non-Permanent Resident Alien, ITIN Borrowers, First Time Homebuyers, First Time Investor, Non-Occupant Co-borrower				Eligible Borrowers		list of values	First Time Home Buyers	Non-Occupant Co-borrower, First Time Home Buyers,  ITIN Borrowers = if (fico_score >=660 , or loan_amount <=1500000 , or loan_type=purchase Or rate_term_refi and LTV<=85% , or loan_type=cash_out_refi and LTV<=65% ,or occupancy=investment and ltv<=80% , or loan_amount<=1000000 and ltv>80% , or lates <=0 or income = 1 year + YTD  (Full doc) and 12 month Bank Statements),  Foreign National = if (fico_score >=700 , or loan_amount <=2000000 , or loan_type=purchase Or rate_term_refi and LTV<=75% , or loan_type=cash_out_refi and LTV<=65% , or reserves>=12 , or lates<=0),  DACA Recipients = if( loan_type=purchase Or rate_term_refi and LTV<=85% , or loan_type=cash_out_refi and LTV<=75%) ,or lates<=0 		Experienced Investors, Inexperienced Investors	Experienced Investors, Inexperienced Investors,  ITIN Borrowers = if (fico_score >=700 , or loan_amount <=2000000 , or loan_type=purchase Or rate_term_refi and LTV<=75% , or loan_type=cash_out_refi and LTV<=70%),  Foreign National = if (fico_score >=700 , or loan_amount <=1500000 , or loan_type=purchase Or rate_term_refi and LTV<=75% , or loan_type=cash_out_refi and LTV<=65% , or reserves>=12),  DACA Recipients = if( loan_type=purchase Or rate_term_refi and LTV<=80% , or loan_type=cash_out_refi and LTV<=75%) 	Experienced Investors, Inexperienced Investors	Experienced Investors, Inexperienced Investors	U.S Citizens Permanent Resident Aliens Non-Permanent Resident Aliens, Experienced Investors		done(6th oct 25)
Borrower profile	ineligible_borrowers	Foreign Nationals,  ITIN Borrowers,  Irrevocable trusts,  Enhanced life estates (AKA Lady Bird Deed), DACA, First Time Investor, Inexperienced Investor,		Ineligible Borrowers: Foreign Nationals ITIN Borrowers No irrevocable trusts, enhanced life estates (AKA Lady Bird Deed), etc.	Foreign Nationals,  ITIN Borrowers,  Irrevocable trusts,  Enhanced life estates (AKA Lady Bird Deed)	Foreign Nationals, ITIN Borrowers, Irrevocable trusts, Enhanced life estates (AKA Lady Bird Deed)	Foreign Nationals, ITIN Borrowers, Irrevocable trusts, Enhanced life estates (AKA Lady Bird Deed)	Foreign Nationals, ITIN Borrowers, Irrevocable trusts, Enhanced life estates (AKA Lady Bird Deed)	Foreign Nationals, ITIN Borrowers, Irrevocable trusts, Enhanced life estates (AKA Lady Bird Deed)	Foreign Nationals, ITIN Borrowers, Irrevocable trusts, Enhanced life estates (AKA Lady Bird Deed)	Foreign Nationals, ITIN Borrowers, Irrevocable trusts, Enhanced life estates (AKA Lady Bird Deed)	Foreign Nationals, Irrevocable trusts, Enhanced life estates (AKA Lady Bird Deed)				Ineligible Borrowers		list of values	Foreign National,  DACA Recipients, ITIN Borrowers	Foreign Nationals		First Time Home Buyers, Foreign National,  DACA Recipients, ITIN Borrowers	First Time Home Buyers	First Time Home Buyers, Foreign National,  DACA Recipients, ITIN Borrowers	First Time Home Buyers, Foreign National,  DACA Recipients, ITIN Borrowers	Foreign Nationals, ITIN Borrowers, DACA, First Time Investor, Inexperienced Investor, First Time Home Buyers		done(6th oct 25)
Borrower profile	first_time_homebuyer	yes, no	yes		yes	yes	yes	yes	yes	yes	yes	yes							Yes	Yes		no	no	no	no	No		done(6th oct 25)
Borrower profile	first_time_investor	yes, no	yes		yes	yes	yes	yes	yes	no	yes	yes							Yes	Yes		need to check if First time invester and Inexperienced Investors are same?	need to check if First time invester and Inexperienced Investors are same?	need to check if First time invester and Inexperienced Investors are same?	need to check if First time invester and Inexperienced Investors are same?	No		need to check
Borrower profile	citizenship	US Citizen, Permanent Resident Alien, Non-Permanent Resident Alien, Foreign National	yes		US Citizen, Permanent Resident Alien, Non-Permanent Resident Alien	US Citizen, Permanent Resident Alien, Non-Permanent Resident Alien	US Citizen, Permanent Resident Alien, Non-Permanent Resident Alien	US Citizen, Permanent Resident Alien, Non-Permanent Resident Alien	US Citizen, Permanent Resident Alien, Non-Permanent Resident Alien	US Citizen, Permanent Resident Alien, Non-Permanent Resident Alien	US Citizen, Permanent Resident Alien, Non-Permanent Resident Alien	US Citizen, Permanent Resident Alien, Non-Permanent Resident Alien				Citizenship status		list of values	NA	NA		NA	NA	NA	NA	U.S. Citizens, Permanent Resident Aliens, Non-Permanent Resident Aliens		done
Borrower profile	entities_allowed_to_title			Entities Allowed to Title:  Inter Vivos Revocable “Living” trusts Business Entities: Limited partnerships General partnerships Corporations For business entities, personal guaranty required, and loan is in the name of the borrower, only title is held in the name of the company – loan is not to the company and the loan will appear as a mortgage loan for the borrower)	Inter Vivos Revocable Trust (Living Trust), Limited partnerships, General partnerships, Corporations 	Inter Vivos Revocable Trust (Living Trust), Limited partnerships, General partnerships, Corporations 	Inter Vivos Revocable Trust (Living Trust), Limited partnerships, General partnerships, Corporations 	Inter Vivos Revocable Trust (Living Trust), Limited partnerships, General partnerships, Corporations 	Inter Vivos Revocable Trust (Living Trust), Limited partnerships, General partnerships, Corporations 	Inter Vivos Revocable Trust (Living Trust) 	Inter Vivos Revocable Trust (Living Trust), Limited partnerships, General partnerships, Corporations 	Inter Vivos Revocable Trust (Living Trust), Limited partnerships, General partnerships, Corporations 						list of values	NA	NA		NA	NA	NA	NA	NA		done(6th oct 25)
Payments	temp_buydown_allowed	yes, no		Temporary Buydowns: Not allowed	no	no	no	no	no	no	no	no				Temporary Buydown Allowed	Is temporary buydown allowed?	list of values	if products=30 Year Fixed and loan_type=Purchase,then yes,  if occupancy=Owner Occupied or Second Homes or Investment(TRID Loan),then yes,  Else no	if products=30 Year Fixed and loan_type=Purchase,then yes,  if occupancy=Owner Occupied or Second Homes or Investment(TRID Loan),then yes,  Else no		no	no	no	no	NA		done
Payments	interest_only_period			Interest Only: Allowed 10 year interest only period	<=10	<=10	<=10	<=10	<=10	0	<=10	<=10				Interest Only Period	How long can the interest only period be (when allowed)	number of years	Not Allowed 	<=10		<=10	<=10	<=10	<=10	<=10		Done(07 oct 25)
Payments	prepayment_penalty	yes, no		Prepayment Penalty: Required on Investment Properties	no	no	no	no	no	no	no	no				Prepayment Penalty		list of values	No	No		if loan_type =cash_out_refi and Property_Status = Recently Listed and Days_Off_Market < 6 , then >=1 Yr , else no	if loan_type =cash_out_refi and Property_Status = Recently Listed and Days_Off_Market < 6 , then >=1 Yr , else no	No	No	Yes (subject to state-specific terms in PPP Matrix)		Done(06 oct 25)
Payments	prepayment_penalty_investment_properties	yes, no		Prepayment Penalty:  Required on Investment Properties	yes	yes	yes	yes	yes	yes	no	yes				Prepayment Penalty for investment properties		list of values	yes (where permitted by applicable state law and regulations)	yes (where permitted by applicable state law and regulations)		yes (where permitted by applicable state law and regulations)	yes (where permitted by applicable state law and regulations)	yes (where permitted by applicable state law and regulations)	yes (where permitted by applicable state law and regulations)	Yes		Done(06 oct 25)
AUS	aus_required	yes, no		AUS Requirements : Required not used for underwriting (manual underwriting required)	yes	yes	yes	yes	yes	yes	yes	yes						list of values	NA	NA		NA	NA	NA	NA	NA		Done(06 oct 25)
AUS	aus_used	yes, no		AUS Requirements: Required not used for underwriting (manual underwriting required)	no	no	yes	yes	no	yes	no	no						list of values	NA	NA		NA	NA	NA	NA	NA		Done(06 oct 25)
Program/Product	products			Products: 5/1 ARM, 5/1 ARM I/O (30 and 40 Year Term) 7/1 ARM, 7/1 ARM I/O (30 and 40 Year Term) 30 Year Fixed and I/O 40 Year Fixed and I/O	5/1 ARM 30 Year,  5/1 ARM I/O 30 Year,  5/1 ARM 40 Year,  5/1 ARM I/O 40 Year,  7/1 ARM 30 Year,  7/1 ARM I/O 30 Year,  7/1 ARM 40 Year,  7/1 ARM I/O 40 Year,  30 Year Fixed, 30 Year Fixed I/O, 40 Year Fixed, 40 Year Fixed I/O	5/1 ARM 30 Year,  5/1 ARM I/O 30 Year,  5/1 ARM 40 Year,  5/1 ARM I/O 40 Year,  7/1 ARM 30 Year,  7/1 ARM I/O 30 Year,  7/1 ARM 40 Year,  7/1 ARM I/O 40 Year,  30 Year Fixed, 30 Year Fixed I/O, 40 Year Fixed, 40 Year Fixed I/O	5/1 ARM 30 Year,  5/1 ARM I/O 30 Year,  5/1 ARM 40 Year,  5/1 ARM I/O 40 Year,  7/1 ARM 30 Year,  7/1 ARM I/O 30 Year,  7/1 ARM 40 Year,  7/1 ARM I/O 40 Year,  30 Year Fixed, 30 Year Fixed I/O, 40 Year Fixed, 40 Year Fixed I/O	5/1 ARM 30 Year,  5/1 ARM I/O 30 Year,  5/1 ARM 40 Year,  5/1 ARM I/O 40 Year,  7/1 ARM 30 Year,  7/1 ARM I/O 30 Year,  7/1 ARM 40 Year,  7/1 ARM I/O 40 Year,  30 Year Fixed, 30 Year Fixed I/O, 40 Year Fixed, 40 Year Fixed I/O	5/1 ARM 30 Year,  5/1 ARM I/O 30 Year,  5/1 ARM 40 Year,  5/1 ARM I/O 40 Year,  7/1 ARM 30 Year,  7/1 ARM I/O 30 Year,  7/1 ARM 40 Year,  7/1 ARM I/O 40 Year,  30 Year Fixed, 30 Year Fixed I/O, 40 Year Fixed, 40 Year Fixed I/O	20 Year Fixed, 25 Year Fixed, 30 Year Fixed	5/6 SOFR ARM,  30 Year Fixed, 30 Year Fixed I/O, 40 Year Fixed, 40 Year Fixed I/O	5/6 SOFR ARM,  30 Year Fixed, 30 Year Fixed I/O, 40 Year Fixed, 40 Year Fixed I/O				Products	What products are offered?	list of values	15 Year Fixed, 30 Year Fixed, 40 Year Fixed, Nonstandard fixed term available	15 Year Fixed, 30 Year Fixed, 40 Year Fixed, Nonstandard fixed term available, 30 Year Fixed I/O (120 mos, IO + 240 mos Amortization), 40 Year Fixed I/O (120 mos, IO + 360 mos Amortization), 5/6 IO SOFR (2/1/5 Cap), 7/6 IO SOFR (5/1/5 Cap), 5/6 SOFR ARM (2/1/5 Cap), 7/6 SOFR ARM (5/1/5 Cap),		15 Year Fixed, 30 Year Fixed, 40 Year Fixed, Nonstandard fixed term available, 30 Year Fixed I/O (120 mos, IO + 240 mos Amortization), 40 Year Fixed I/O (120 mos, IO + 360 mos Amortization), 5/6 IO SOFR (2/1/5 Cap), 7/6 IO SOFR (5/1/5 Cap), 5/6 SOFR ARM (2/1/5 Cap), 7/6 SOFR ARM (5/1/5 Cap),	15 Year Fixed, 30 Year Fixed, 40 Year Fixed, Nonstandard fixed term available, 30 Year Fixed I/O (120 mos, IO + 240 mos Amortization), 40 Year Fixed I/O (120 mos, IO + 360 mos Amortization), 5/6 IO SOFR (2/1/5 Cap), 7/6 IO SOFR (5/1/5 Cap), 5/6 SOFR ARM (2/1/5 Cap), 7/6 SOFR ARM (5/1/5 Cap),	15 Year Fixed, 30 Year Fixed, 40 Year Fixed, Nonstandard fixed term available, 30 Year Fixed I/O (120 mos, IO + 240 mos Amortization), 40 Year Fixed I/O (120 mos, IO + 360 mos Amortization), 5/6 IO SOFR (2/1/5 Cap), 7/6 IO SOFR (5/1/5 Cap), 5/6 SOFR ARM (2/1/5 Cap), 7/6 SOFR ARM (5/1/5 Cap),	15 Year Fixed, 30 Year Fixed, 40 Year Fixed, Nonstandard fixed term available, 30 Year Fixed I/O (120 mos, IO + 240 mos Amortization), 40 Year Fixed I/O (120 mos, IO + 360 mos Amortization), 5/6 IO SOFR (2/1/5 Cap), 7/6 IO SOFR (5/1/5 Cap), 5/6 SOFR ARM (2/1/5 Cap), 7/6 SOFR ARM (5/1/5 Cap),	15 Year Fixed (180 Months), 30 Year Fixed (360 Months), 30 Year Fixed IO (120 mos IO + 240 mos Amort) Maximum loan term cannot exceed 30 years		done
Collateral	lien_position	1st, 2nd, 3rd	yes													Lien Position	What is the lien position on the mortgaged property?	list of values	NA	NA		NA	NA	NA	NA	NA		Done(06 oct 25)
Collateral	property_value		yes													Property Value	Value of the underlying property	$	NA	NA		NA	NA	NA	NA	NA		Done(06 oct 25)
Collateral	property_state		yes													Property State	State in which the property is located	list of values	NJ MD	NJ MD		NJ MD	NJ MD	NJ MD	NJ MD	NJ MD		Done(06 oct 25)
Payments	lates_in_last_12_months 		yes													Late payments in last 12 months	Adding this in lieu of the multiple attributes related to late payments. (Borrower may not know how many 30 day lates he had or how many 60 day lates he had; he may only know how many lates he had; even that not sure). If the answer to this question is non-zero, then our AI can ask additional questions	number	0 x 30 x 12 Rent free not allowed	0 x 30 x 12 , 1 x 30 x 12: 5% LTV reduction, > $2.5M: 10% LTV reduction, $3.5M max LA , 1 x 60 x 12 (must be 0 x 60 in most recent 6): 10% LTV reduction, > $2.5M: 15% LTV reduction, $3.0M max LA , 1 x 30 x 6: 10% LTV reduction, > $2.5M: 20% LTV reduction	need to check	0 x 30 x 12	1 x 30 x 12 Inexperienced Investors: Requires 0 x 30 x 12	0 x 30 x 12	0 x 30 x 12	0x 30x 24		Done(06 oct 25)
Collateral	time_since_last_cash_out		yes																if loan_type = cash_out refi then > 6 ,  if loan_type = cash_out refi and all original borrowers are on current note , then ≤ 6	if loan_type = cash_out refi then > 6 ,  if loan_type = cash_out refi and all original borrowers are on current note , then ≤ 6		if loan_type = cash_out refi then > 6 ,  if loan_type = cash_out refi and all original borrowers are on current note , then ≤ 6	if loan_type = cash_out refi then > 6 ,  if loan_type = cash_out refi and all original borrowers are on current note , then ≤ 6	if loan_type = cash_out refi then > 6 ,  if loan_type = cash_out refi and all original borrowers are on current note , then ≤ 6	if loan_type = cash_out refi then > 6 ,  if loan_type = cash_out refi and all original borrowers are on current note , then ≤ 6	Acquired > 6 months & < 12 months – Lesser of the current appraisal value or purchase price plus documented improvements (if any) is used  Acquired > 12 months – Appraised value used		need to check
Collateral	property_address																		Not in Baltimore City, MD and Essex County ,NJ	Not in Baltimore City, MD and Essex County ,NJ		Not in Baltimore City, MD and Essex County ,NJ	Not in Baltimore City, MD and Essex County ,NJ	Not in Baltimore City, MD and Essex County ,NJ	Not in Baltimore City, MD and Essex County ,NJ	Not in Baltimore City, MD and Essex County ,NJ		Done(06 oct 25)
Comments																												